{"cameraMode":{"drawMode":0,"name":"Shaded","section":"Shading Mode"},"sceneLighting":false,"audioPlay":false,"sceneViewState":{"m_AlwaysRefresh":false,"showFog":true,"showSkybox":false,"showFlares":true,"showImageEffects":true,"showParticleSystems":true,"showVisualEffectGraphs":true,"m_FxEnabled":true},"in2DMode":false,"pivot":{"x":-0.2937955856323242,"y":5.802446365356445,"z":0.21062469482421876},"rotation":{"x":-0.05128639563918114,"y":-0.005395614542067051,"z":0.00027704209787771106,"w":-0.998669445514679},"size":5.77879524230957,"orthographic":false}